{
  "minecraft:recipes/misc/charcoal": {
    "criteria": {
      "has_log": "2023-09-18 19:37:48 -0700"
    },
    "done": true
  },
  "minecraft:recipes/building_blocks/birch_wood": {
    "criteria": {
      "has_log": "2023-09-18 19:37:48 -0700"
    },
    "done": true
  },
  "minecraft:adventure/adventuring_time": {
    "criteria": {
      "minecraft:plains": "2023-09-18 19:37:35 -0700"
    },
    "done": false
  },
  "minecraft:recipes/building_blocks/birch_planks": {
    "criteria": {
      "has_logs": "2023-09-18 19:37:48 -0700"
    },
    "done": true
  },
  "DataVersion": 3218
}